{"cameraMode":{"drawMode":0,"name":"Shaded","section":"Shading Mode"},"sceneLighting":false,"audioPlay":false,"sceneViewState":{"m_AlwaysRefresh":false,"showFog":true,"showSkybox":true,"showFlares":true,"showImageEffects":true,"showParticleSystems":true,"showVisualEffectGraphs":true,"m_FxEnabled":true},"in2DMode":false,"pivot":{"x":-2.0904834270477297,"y":-0.5751805901527405,"z":18.270462036132814},"rotation":{"x":-0.08817536383867264,"y":0.06540058553218842,"z":-0.006197855807840824,"w":-0.9940610527992249},"size":11.73522663116455,"orthographic":false}