{"cameraMode":{"drawMode":0,"name":"Shaded","section":"Shading Mode"},"sceneLighting":false,"audioPlay":false,"sceneViewState":{"m_AlwaysRefresh":false,"showFog":true,"showSkybox":true,"showFlares":true,"showImageEffects":true,"showParticleSystems":true,"showVisualEffectGraphs":true,"m_FxEnabled":true},"in2DMode":false,"pivot":{"x":-0.9446910619735718,"y":0.05858832597732544,"z":-6.01714563369751},"rotation":{"x":-0.0009303094702772796,"y":0.9917410016059876,"z":-0.12607675790786744,"w":-0.03627023845911026},"size":1.5789607763290406,"orthographic":false}