{"cameraMode":{"drawMode":0,"name":"Shaded","section":"Shading Mode"},"sceneLighting":true,"audioPlay":false,"sceneViewState":{"m_AlwaysRefresh":false,"showFog":true,"showSkybox":true,"showFlares":true,"showImageEffects":true,"showParticleSystems":true,"showVisualEffectGraphs":true,"m_FxEnabled":true},"in2DMode":false,"pivot":{"x":0.8530556559562683,"y":2.0088086128234865,"z":-2.5618748664855959},"rotation":{"x":0.17661301791667939,"y":0.4546627998352051,"z":-0.0910947322845459,"w":0.8690537810325623},"size":0.10898257791996002,"orthographic":false}