{"cameraMode":{"drawMode":0,"name":"Shaded","section":"Shading Mode"},"sceneLighting":true,"audioPlay":false,"sceneViewState":{"m_AlwaysRefresh":false,"showFog":true,"showSkybox":true,"showFlares":true,"showImageEffects":true,"showParticleSystems":true,"showVisualEffectGraphs":true,"m_FxEnabled":true},"in2DMode":false,"pivot":{"x":1.8856092691421509,"y":0.5826104879379273,"z":3.3813278675079347},"rotation":{"x":-0.035273607820272449,"y":-0.20110081136226655,"z":0.007178459316492081,"w":-0.9790168404579163},"size":3.3119280338287355,"orthographic":false}